Country,Content,"Play Duration Milliseconds","First Played","Last Played","Last Received","Source Type",Rankings
"United Kingdom","Dream Theater",299066005,1742398298010,1773847444650,1773847444697,"IPHONE, WINDOWS",1
"United Kingdom",Mastodon,224291159,1742404961522,1773513858870,1773513835356,"IPHONE, WINDOWS",2
"United Kingdom",Opeth,171936142,1744059561723,1773849887011,1773849887058,"IPHONE, WINDOWS",3
"United Kingdom","Lamb of God",152014285,1742917079844,1773850085673,1773850085718,"IPHONE, WINDOWS",4
"United Kingdom","Arch Enemy",97120890,1759770094533,1773855540820,1773855540870,IPHONE,5
"United Kingdom",Trivium,87266861,1742857177788,1773845825238,1773845825274,"IPHONE, WINDOWS",6
"United Kingdom",Karnivool,85051251,1742423946124,1773590904947,1773590904986,"IPHONE, WINDOWS",7
"United Kingdom","Tyler, The Creator",83997872,1742512566653,1773930224322,1773930224385,"IPHONE, WINDOWS",8
"United Kingdom","Travis Scott",78625395,1742375368635,1773923788204,1773923788246,"IPHONE, WINDOWS",9
"United Kingdom",JPEGMAFIA,69139128,1742683633804,1773852240298,1773852240356,"IPHONE, WINDOWS",10
"United Kingdom","Parkway Drive",67730636,1742914092740,1773847184121,1773847184169,"IPHONE, WINDOWS",11
"United Kingdom","Kanye West",52729194,1742920958013,1773930473190,1773930473228,"IPHONE, WINDOWS",12
"United Kingdom","Fear Factory",51355560,1742814790396,1773089511274,1773089511314,"IPHONE, WINDOWS",13
"United Kingdom",Meshuggah,49185299,1743162476610,1772556782883,1772556782935,"IPHONE, WINDOWS",14
"United Kingdom",GOJIRA,48000409,1742397687081,1773514054036,1773514054091,"IPHONE, WINDOWS",15
"United Kingdom","Avenged Sevenfold",45751675,1742486972964,1773398707807,1773398707853,"IPHONE, WINDOWS",16
"United Kingdom","Bleed From Within",44648031,1742400200667,1773741506529,1773741506568,"IPHONE, WINDOWS",17
"United Kingdom","Kendrick Lamar",44220473,1742548625427,1773846342953,1773846343005,IPHONE,18
"United Kingdom","Killswitch Engage",43480307,1743154199077,1773658827135,1773658813348,"IPHONE, WINDOWS",19
"United Kingdom",Jamiroquai,41748448,1743284807481,1773923301979,1773923302025,"IPHONE, WINDOWS",20
"United Kingdom",Metallica,40762301,1742411016794,1773662765576,1773658900592,"IPHONE, WINDOWS",21
"United Kingdom",Leprous,39790129,1755616597321,1773701328344,1773701098385,IPHONE,22
"United Kingdom",Death,37932367,1743532340270,1772720565571,1772718757537,"IPHONE, WINDOWS",23
"United Kingdom","Bruno Mars",36035126,1742511436836,1773923569191,1773923569354,"IPHONE, WINDOWS",24
"United Kingdom","Of Mice & Men",31469764,1744116795434,1773849260853,1773849260892,IPHONE,25
"United Kingdom","Foo Fighters",30342828,1743458343795,1773412066540,1773412066579,"IPHONE, WINDOWS",26
"United Kingdom","Machine Head",29808870,1742487332649,1773063525029,1773061394902,"IPHONE, WINDOWS",27
"United Kingdom","Black Label Society",29038866,1742489646977,1772558940080,1772558483399,IPHONE,28
"United Kingdom","The Strokes",28002668,1742859765504,1772786938317,1772786938359,"IPHONE, WINDOWS",29
"United Kingdom",Decapitated,27968461,1755348133587,1773418417046,1773418326313,"IPHONE, WINDOWS",30
"United Kingdom","Freddie Gibbs",25362322,1769359135295,1773924349389,1773924349443,IPHONE,31
"United Kingdom",Turnstile,24174762,1749978219598,1773403268421,1773403268475,IPHONE,32
"United Kingdom",Haken,23929881,1759313676355,1773701085923,1773701085986,IPHONE,33
"United Kingdom",Megadeth,23162308,1742399615591,1773067619906,1773067620172,IPHONE,34
"United Kingdom",Pantera,22856744,1742510399809,1772194354526,1772194355224,"IPHONE, WINDOWS",35
"United Kingdom","Bring Me The Horizon",22310015,1742400538647,1773406392399,1773406392444,"IPHONE, WINDOWS",36
"United Kingdom","Wu-Tang Clan",22180009,1743584077627,1773930007408,1773930007451,"IPHONE, WINDOWS",37
"United Kingdom",Carcass,21881383,1742402457064,1773067501917,1773067501959,IPHONE,38
"United Kingdom",Obituary,20585271,1742402739817,1772718273714,1772718273766,IPHONE,39
"United Kingdom","Judas Priest",20314056,1757597083194,1772473388995,1772473389058,IPHONE,40
"United Kingdom",Anthrax,20304854,1742402212932,1773092411192,1773092188051,"IPHONE, WINDOWS",41
"United Kingdom",BABYMETAL,20191840,1742914780998,1773419446733,1773419447091,"IPHONE, WINDOWS",42
"United Kingdom","Orange Goblin",20005271,1742512746170,1767372584109,1767372584154,"IPHONE, WINDOWS",43
"United Kingdom",Nas,18824318,1753911325751,1773921183925,1773921184015,IPHONE,44
"United Kingdom","Enter Shikari",18231957,1756071507835,1773404792896,1773404792940,IPHONE,45
"United Kingdom","August Burns Red",17836130,1742400733767,1773658484442,1773658484491,"IPHONE, WINDOWS",46
"United Kingdom","Geordie Greep",17416087,1742859919226,1772962647058,1772962647157,"IPHONE, WINDOWS",47
"United Kingdom",Slipknot,17166023,1742490840707,1773406518753,1773406518800,"IPHONE, WINDOWS",48
"United Kingdom","The Prodigy",16815823,1748353116224,1773671863597,1773671187214,"IPHONE, WINDOWS",49
"United Kingdom",Testament,16762937,1760295950419,1773744183159,1773744183185,IPHONE,50
"United Kingdom","The Dillinger Escape Plan",16466456,1745535823223,1772740042162,1772737681681,"IPHONE, WINDOWS",51
"United Kingdom",Mammoth,15808780,1745322824849,1773408185345,1773407384772,IPHONE,52
"United Kingdom","Body Count",15563847,1759401303750,1768400150847,1768400150895,IPHONE,53
"United Kingdom",Korn,14696027,1742403890548,1773397645948,1773397646002,IPHONE,54
"United Kingdom",TesseracT,14158137,1742939608532,1772728672233,1772728672277,IPHONE,55
"United Kingdom",Airbourne,13675604,1742378408306,1773591425104,1773591425138,"IPHONE, WINDOWS",56
"United Kingdom","Slaughter to Prevail",13636702,1745440581315,1773743849588,1773743849638,IPHONE,57
"United Kingdom",Sepultura,13447244,1753355137188,1772194319142,1772194100742,IPHONE,58
"United Kingdom","All That Remains",11621552,1742487686417,1771350162521,1771350162700,IPHONE,59
"United Kingdom","A Day to Remember",11277817,1742771304967,1773406144179,1773406144223,"IPHONE, WINDOWS",60
"United Kingdom",Periphery,11247287,1743281907983,1772893710919,1772892907256,"IPHONE, WINDOWS",61
"United Kingdom",Volbeat,10799850,1742490537810,1772630858443,1772630858489,"IPHONE, WINDOWS",62
"United Kingdom",Hatebreed,10591497,1755348514234,1771277321431,1771277209878,IPHONE,63
"United Kingdom","Biffy Clyro",10537176,1744314441450,1773676536899,1773676536931,IPHONE,64
"United Kingdom",Profiler,10181939,1760898440399,1773847960436,1773847960483,IPHONE,65
"United Kingdom",DOWN,9993894,1745685329524,1767719412551,1767719412599,"IPHONE, WINDOWS",66
"United Kingdom","Led Zeppelin",9721027,1743460150724,1773275983877,1773275736296,IPHONE,67
"United Kingdom","MF DOOM",9510394,1742550392213,1773397737215,1773397737443,IPHONE,68
"United Kingdom",Architects,9242130,1742401286585,1773172223752,1773171935007,IPHONE,69
"United Kingdom",Deftones,9149548,1743523014880,1773403817304,1773403817581,IPHONE,70
"United Kingdom",Muse,8920284,1746653389912,1772121413617,1772121413726,"IPHONE, WINDOWS",71
"United Kingdom",Skindred,8850526,1744740248946,1769188477404,1769188477488,"IPHONE, WINDOWS",72
"United Kingdom",Beck,8666958,1745401735492,1770029195088,1770029036324,IPHONE,73
"United Kingdom","Knocked Loose",8619855,1742403403386,1773672890245,1773672890303,"IPHONE, WINDOWS",74
"United Kingdom","Denzel Curry",8618933,1746698019879,1773672673924,1773672674060,IPHONE,75
"United Kingdom","The Isley Brothers",8242251,1769986279568,1773846707300,1773846707351,IPHONE,76
"United Kingdom","Limp Bizkit",8070950,1742913866653,1772470532338,1772470487493,"IPHONE, WINDOWS",77
"United Kingdom",TOOL,7459909,1743437252695,1773407196480,1773407196535,"IPHONE, WINDOWS",78
"United Kingdom","Killer Be Killed",7281685,1743433119024,1763928722510,1763928726686,IPHONE,79
"United Kingdom","Death Grips",7145735,1744148849829,1773922318797,1773922318834,IPHONE,80
"United Kingdom","Frank Ocean",6848391,1742922307260,1773741683272,1773741683319,"IPHONE, WINDOWS",81
"United Kingdom","Royal Blood",6756076,1744286376454,1773398013719,1773398013758,"IPHONE, WINDOWS",82
"United Kingdom","The Raven Age",6721297,1762875548055,1766159168652,1766159172722,IPHONE,83
"United Kingdom","Kublai Khan TX",6630570,1742402299148,1765883480074,1765879213290,"IPHONE, WINDOWS",84
"United Kingdom","Rage Against the Machine",6611390,1742757266480,1773531417519,1773531417604,"IPHONE, WINDOWS",85
"United Kingdom","Weather Report",5853655,1743460448809,1773327555008,1773327555236,IPHONE,86
"United Kingdom",Static-X,5763252,1742771882501,1770138017581,1770137765266,"IPHONE, WINDOWS",87
"United Kingdom","Bullet for My Valentine",5594118,1742489967059,1766420706234,1766420706377,"IPHONE, WINDOWS",88
"United Kingdom",Madvillain,5492894,1746742639351,1773850661632,1773850661685,IPHONE,89
"United Kingdom","Liquid Tension Experiment",5359549,1748470899243,1770735629337,1770735250158,"IPHONE, WINDOWS",90
"United Kingdom","The Amity Affliction",5257491,1747747629686,1772803621476,1772803553950,"IPHONE, WINDOWS",91
"United Kingdom",Jinjer,5179630,1742398042469,1773404060781,1773404060823,"IPHONE, WINDOWS",92
"United Kingdom","Cage the Elephant",5161751,1757812653252,1757825130638,1757825130762,IPHONE,93
"United Kingdom","Alice In Chains",4907352,1744285548749,1771862047370,1771862047441,"IPHONE, WINDOWS",94
"United Kingdom","While She Sleeps",4878266,1742723220297,1773318861514,1773318861582,"IPHONE, WINDOWS",95
"United Kingdom","The Wombats",4723549,1751286466604,1772198876511,1772198856218,"IPHONE, WINDOWS",96
"United Kingdom",Courteeners,4633254,1748647708030,1771102379957,1771102380046,"IPHONE, WINDOWS",97
"United Kingdom","Black Sabbath",4592186,1751833894236,1757539953541,1757539953541,"IPHONE, WINDOWS",98
"United Kingdom","Electric Callboy",4442185,1743163924320,1770243702889,1770243415773,"IPHONE, WINDOWS",99
"United Kingdom","Queens of the Stone Age",4438882,1744113796390,1772134216450,1772129025853,IPHONE,100
"United Kingdom","Arctic Monkeys",4424752,1744472989373,1771093470959,1771093470997,IPHONE,101
"United Kingdom","Young Money",4339648,1742548311706,1753195808985,1753195809155,IPHONE,102
"United Kingdom",DANGERDOOM,4231942,1744324901923,1773233300383,1773233300421,IPHONE,103
"United Kingdom",Baroness,4060502,1744290137122,1772556012009,1772556012058,"IPHONE, WINDOWS",104
"United Kingdom","Between the Buried and Me",4005950,1749752032514,1758032809052,1758032810433,IPHONE,105
"United Kingdom","Asking Alexandria",3776585,1742487912850,1768430250955,1768430251024,IPHONE,106
"United Kingdom","Spirit Adrift",3754115,1743433674939,1773665521930,1773665510047,"IPHONE, WINDOWS",107
"United Kingdom",AC/DC,3620259,1742856168977,1773398254492,1773398254742,IPHONE,108
"United Kingdom","Every Time I Die",3436244,1746804494921,1773065780376,1773065780416,"IPHONE, WINDOWS",109
"United Kingdom",Biohazard,3397863,1760297766970,1768003739190,1768003696680,IPHONE,110
"United Kingdom",Clipse,3347908,1752777034424,1770389635734,1770389635796,IPHONE,111
"United Kingdom",Converge,3304988,1745536308723,1769707569724,1769707569772,IPHONE,112
"United Kingdom","Maxïmo Park",3204109,1753783221886,1771091609988,1771091610102,"IPHONE, WINDOWS",113
"United Kingdom","Mr. Bungle",3078475,1745402486385,1773403488906,1773403488939,"IPHONE, WINDOWS",114
"United Kingdom","Orbit Culture",2869340,1755038663739,1767879915202,1767879915236,IPHONE,115
"United Kingdom",Polyphia,2806801,1744667698663,1773171810751,1773171501176,"IPHONE, WINDOWS",116
"United Kingdom","Code Orange",2805818,1744112974925,1773320993913,1773320823647,IPHONE,117
"United Kingdom","Fontaines D.C.",2656963,1751368452034,1772553815309,1772543696551,IPHONE,118
"United Kingdom",Intervals,2627453,1746297234074,1769010322600,1769010322697,IPHONE,119
"United Kingdom","The Royston Club",2619994,1751281836471,1755969415117,1755969415728,IPHONE,120
"United Kingdom",Clutch,2618953,1743523327718,1771089552400,1771089552455,"IPHONE, WINDOWS",121
"United Kingdom","Faith No More",2588427,1743782719258,1771329321585,1771325919807,IPHONE,122
"United Kingdom","Curtis Mayfield",2587246,1764931101847,1773532553982,1773536127367,IPHONE,123
"United Kingdom","Lenny Kravitz",2435337,1772466160604,1773851663603,1773851663651,IPHONE,124
"United Kingdom",Asomvel,2433063,1756200963829,1771857729163,1771857730979,IPHONE,125
"United Kingdom",Flume,2433017,1746220301790,1761222970813,1761222971596,IPHONE,126
"United Kingdom","twenty one pilots",2417575,1749751558887,1773228252602,1773228252661,IPHONE,127
"United Kingdom","Red Hot Chili Peppers",2344949,1746558492659,1769459597327,1769459597446,"IPHONE, WINDOWS",128
"United Kingdom","SOFT PLAY",2280297,1745017737831,1773398219912,1773398219933,IPHONE,129
"United Kingdom","System Of A Down",2219270,1744112397234,1767308521342,1767308521403,IPHONE,130
"United Kingdom","Municipal Waste",2206735,1760300496292,1768862649345,1768862551924,IPHONE,131
"United Kingdom","Big Punisher",2160284,1761231187169,1773326123463,1773326123537,IPHONE,132
"United Kingdom","LINKIN PARK",2090589,1742402952350,1771778975904,1771778975955,IPHONE,133
"United Kingdom",Rush,2069494,1742856897492,1772196864112,1772196864155,IPHONE,134
"United Kingdom","Iron Maiden",2014026,1743961732197,1770568602178,1770568602228,IPHONE,135
"United Kingdom","Guns N' Roses",1996398,1761314318074,1771781828925,1771781467736,IPHONE,136
"United Kingdom","Alien Weaponry",1977500,1745403897916,1764599783962,1764599788025,IPHONE,137
"United Kingdom","Dream Widow",1936171,1755531183204,1773067262458,1773067262520,IPHONE,138
"United Kingdom",Atreyu,1896082,1743279732719,1772212554662,1772212554942,IPHONE,139
"United Kingdom","The Mooney Suzuki",1849587,1742685459371,1766078049605,1766078054813,"IPHONE, WINDOWS",140
"United Kingdom",GZA,1814449,1761212439142,1770626331317,1770626331367,IPHONE,141
"United Kingdom","The Winery Dogs",1813058,1746635522755,1770738890712,1770735955070,IPHONE,142
"United Kingdom","Lil Uzi Vert",1801588,1743804350922,1761822482413,1761822486468,IPHONE,143
"United Kingdom",Nirvana,1797383,1744230345021,1772121665127,1772121665172,IPHONE,144
"United Kingdom","Bad Omens",1786962,1743532133988,1758285286372,1758285286410,IPHONE,145
"United Kingdom","Dave Grohl",1653680,1762616707279,1771604128251,1771604128301,IPHONE,146
"United Kingdom",Bloodywood,1595017,1742929280309,1755011571987,1755011572250,IPHONE,147
"United Kingdom","Kitadani Hiroshi",1549340,1746569781114,1773066863620,1773066863684,IPHONE,148
"United Kingdom","Childish Gambino",1517518,1750543692519,1769183066574,1769182678957,IPHONE,149
"United Kingdom","Monster Truck",1514001,1747689894142,1773318202418,1773318202437,IPHONE,150
"United Kingdom","King Gizzard & The Lizard Wizard",1479095,1743783324488,1773658022956,1773658029662,IPHONE,151
"United Kingdom","Electric Wizard",1478478,1757966611461,1772737585232,1772733976309,IPHONE,152
"United Kingdom",Queen,1464239,1747427923463,1771778805014,1771778631048,IPHONE,153
"United Kingdom","Napalm Death",1294888,1744387169845,1772198464775,1772198464820,IPHONE,154
"United Kingdom",Malevolence,1294565,1746653692919,1771774504333,1771774295866,IPHONE,155
"United Kingdom",Audioslave,1290807,1743541512286,1767803086316,1767802799622,IPHONE,156
"United Kingdom","Papa Roach",1257564,1748901158463,1771099631479,1771099631530,"IPHONE, WINDOWS",157
"United Kingdom",Twista,1219083,1744146367546,1769697737041,1769697492166,IPHONE,158
"United Kingdom","Alter Bridge",1217276,1742403712067,1773004514691,1773004514513,IPHONE,159
"United Kingdom",Skindred,1154738,1752844163409,1773419409152,1773419409409,IPHONE,160
"United Kingdom","Thy Art Is Murder",1125766,1756658632952,1759671689445,1759671696674,IPHONE,161
"United Kingdom","Billie Ski Mask",1121614,1761228436980,1770212678278,1770212678319,IPHONE,162
"United Kingdom","Death Angel",1072167,1764082395598,1765194322088,1765194322859,IPHONE,163
"United Kingdom","Ghostface Killah",1066439,1755776578894,1771243617622,1771243617684,IPHONE,164
"United Kingdom",Slayer,1017318,1747069452875,1768003903912,1768003850124,IPHONE,165
"United Kingdom","Sam Fender",1004044,1753197362755,1773408221169,1773408221379,IPHONE,166
"United Kingdom",Northlane,982929,1755016187172,1768569433339,1768568077942,IPHONE,167
"United Kingdom","Black Spiders",977423,1755036651597,1756163411065,1756163411102,IPHONE,168
"United Kingdom",BLACKGOLD,954929,1744384084205,1760110464353,1760110464414,IPHONE,169
"United Kingdom",Sylosis,951617,1745938851456,1773658258173,1773658258633,IPHONE,170
"United Kingdom",LiSA,951412,1746294951402,1765897846927,1765897850993,IPHONE,171
"United Kingdom","Mammoth WVH",948983,1742490267273,1744358940142,1744356279767,"IPHONE, WINDOWS",172
"United Kingdom",Puppy,926101,1752474056643,1769013011983,1769013012251,IPHONE,173
"United Kingdom","Fit for An Autopsy",882797,1757020822197,1760089368063,1760089368475,IPHONE,174
"United Kingdom",Badfinger,869570,1744286613036,1762201351510,1762201355542,IPHONE,175
"United Kingdom","The Spinners",864635,1746982602131,1770242322431,1770242323032,IPHONE,176
"United Kingdom",Coda,862080,1743699091909,1769015937308,1769015572387,IPHONE,177
"United Kingdom","Michael Jackson",858333,1753905821324,1753906679732,1753906680055,IPHONE,178
"United Kingdom",Vended,829579,1757164034567,1764274249900,1764274253995,IPHONE,179
"United Kingdom",Cryptopsy,816527,1755617000329,1768510543115,1768510543146,IPHONE,180
"United Kingdom",Breakbot,802933,1742940410084,1765552407558,1765552411624,IPHONE,181
"United Kingdom","Franz Ferdinand",782155,1745402718694,1773066409762,1773066409810,IPHONE,182
"United Kingdom",YOSHIKI,776037,1745783422580,1760112424868,1760112424950,IPHONE,183
"United Kingdom","Sum 41",762342,1763908507473,1769459515384,1769459515472,IPHONE,184
"United Kingdom","Sleep Token",752291,1750515454628,1756207860154,1756207829913,IPHONE,185
"United Kingdom","Corrosion of Conformity",751210,1744322129900,1751703215018,1751703215183,IPHONE,186
"United Kingdom","Amyl and The Sniffers",751199,1751699682608,1763116765591,1763116767016,IPHONE,187
"United Kingdom","BURNOUT SYNDROMES",744860,1747068158756,1768744142039,1768743916442,IPHONE,188
"United Kingdom","Lady Bird",738651,1745784403284,1769187767838,1769187617487,IPHONE,189
"United Kingdom","Viktor Vaughn",736988,1753978019824,1768665142408,1768665142453,IPHONE,190
"United Kingdom","Ol' Dirty Bastard",722579,1746742236007,1769701879746,1769701879790,IPHONE,191
"United Kingdom","Mobb Deep",722213,1773920172726,1773920949267,1773920950112,IPHONE,192
"United Kingdom",Oasis,720456,1744287717326,1772118254062,1772118254115,IPHONE,193
"United Kingdom","High On Fire",717231,1743436486245,1745274682450,1745274682724,IPHONE,194
"United Kingdom","Karen Aoki",715462,1748903611139,1771778574920,1771778409302,IPHONE,195
"United Kingdom","King Geedorah",698012,1753191828911,1768830593112,1768830593507,IPHONE,196
"United Kingdom",Kiss,662615,1758811800041,1770243934910,1770243829719,IPHONE,197
"United Kingdom","Tenacious D",656517,1747766500950,1768424218437,1768424218735,IPHONE,198
"United Kingdom","In Flames",639675,1745684514739,1771844086355,1771843875502,IPHONE,199
"United Kingdom","The Killers",638187,1761082078979,1770420118320,1770420118374,IPHONE,200
"United Kingdom",Emperor,621035,1742813446673,1754952856260,1754952837153,IPHONE,201
"United Kingdom","Stray from the Path",620179,1744114512609,1771105813860,1771105813997,IPHONE,202
"United Kingdom","The Police",603567,1749506946878,1750631686814,1750631686814,"IPHONE, WINDOWS",203
"United Kingdom",Cog,595146,1764945287970,1764945883116,1764945887183,IPHONE,204
"United Kingdom","Trippie Redd",594811,1755766371572,1755767116024,1755767116491,IPHONE,205
"United Kingdom",Ministry,573096,1745536506997,1756065622790,1756065596846,IPHONE,206
"United Kingdom",Elder,567704,1747068885128,1747069452832,1747069452917,IPHONE,207
"United Kingdom","The Last Dinner Party",564142,1753621518270,1753622082345,1753622082635,IPHONE,208
"United Kingdom","Jack Black",530522,1743278718803,1744747809241,1744747809268,IPHONE,209
"United Kingdom",Radiohead,516740,1745092928197,1765903087880,1765903091916,IPHONE,210
"United Kingdom",Yes,516057,1771604150656,1771604666713,1771604666836,IPHONE,211
"United Kingdom","Daft Punk",508309,1745100960460,1746483654010,1746483654105,IPHONE,212
"United Kingdom","The Cult",498172,1744321645402,1762946269793,1762946273816,IPHONE,213
"United Kingdom",Kneecap,496908,1751700673143,1751701214622,1751701214770,IPHONE,214
"United Kingdom","Velvet Revolver",496612,1764196568582,1765754753689,1765754757716,IPHONE,215
"United Kingdom",SiM,492881,1746803877486,1751647833644,1751647254937,IPHONE,216
"United Kingdom","Coheed and Cambria",489898,1744066193718,1751829482771,1751829483370,IPHONE,217
"United Kingdom","J. Cole",469466,1761486468460,1762255945091,1762255792928,IPHONE,218
"United Kingdom","Rivers of Nihil",448685,1743437208564,1757281755682,1757281757693,IPHONE,219
"United Kingdom","Pink Floyd",447915,1761083481122,1769188346497,1769188346544,IPHONE,220
"United Kingdom","Swizz Beatz",445147,1748122067608,1753447111329,1753447111456,IPHONE,221
"United Kingdom","King Crimson",442918,1771090432473,1771090875391,1771090875468,IPHONE,222
"United Kingdom","PELICAN FANCLUB",418049,1753781118263,1763930233041,1763930002929,IPHONE,223
"United Kingdom","The Black Dahlia Murder",409845,1743420386084,1753979132452,1753979132736,IPHONE,224
"United Kingdom","The Ting Tings",408897,1771095118428,1771606120410,1771605216451,IPHONE,225
"United Kingdom","Don Toliver",407054,1752503530925,1752505647183,1752508484268,IPHONE,226
"United Kingdom","Suicide Silence",404567,1754572504887,1767713983932,1767713697545,IPHONE,227
"United Kingdom",Poppy,402058,1750253209829,1750253612238,1750253811511,IPHONE,228
"United Kingdom",KANA-BOON,393965,1744289709628,1748559881654,1748560215654,"IPHONE, WINDOWS",229
"United Kingdom","Mötley Crüe",385487,1743280187897,1772635109309,1772635109521,IPHONE,230
"United Kingdom","John Wasson",381028,1744055116964,1744059587981,1744055465762,IPHONE,231
"United Kingdom","My Chemical Romance",378683,1768423537294,1773406826359,1773406826400,IPHONE,232
"United Kingdom",Bush,373647,1762361332440,1763117003363,1763116991215,IPHONE,233
"United Kingdom","Jin Hashimoto",373541,1761735548474,1769016135408,1769016135478,IPHONE,234
"United Kingdom","Etienne Sin",372795,1769603446865,1769603853060,1769603853322,IPHONE,235
"United Kingdom","D-Block Europe",356761,1755766005871,1755766364438,1755766366604,IPHONE,236
"United Kingdom","My Diligence",353052,1745018789190,1754316379303,1754316379684,IPHONE,237
"United Kingdom","Ram Jam",349701,1758730182855,1771094462393,1771094462442,IPHONE,238
"United Kingdom",Crowbar,334132,1759329318234,1759329651970,1759329654074,IPHONE,239
"United Kingdom","Vampire Weekend",327756,1770990657410,1773098937438,1773098937476,IPHONE,240
"United Kingdom","Asian Kung-Fu Generation",326960,1758366632613,1758366959573,1758366959631,IPHONE,241
"United Kingdom","Six Feet Under",326869,1757678926763,1757679267717,1757679268123,IPHONE,242
"United Kingdom","Devin Townsend",316815,1744066108873,1755616583943,1755616552509,IPHONE,243
"United Kingdom",blink-182,315384,1763593256345,1765899340271,1765899344312,IPHONE,244
"United Kingdom",VIMIC,312781,1757541602288,1757541915069,1757541915069,WINDOWS,245
"United Kingdom","Steely Dan",299533,1745361800775,1758130824799,1758130824889,IPHONE,246
"United Kingdom","Big L",298840,1761213302597,1761213601437,1761213602065,IPHONE,247
"United Kingdom","Danny Brown",295973,1769692807886,1769693138874,1769693128314,IPHONE,248
"United Kingdom","The Knack",295400,1762271038289,1762271333689,1762271337768,IPHONE,249
"United Kingdom",batta,290898,1744286848892,1745783840235,1745783840282,IPHONE,250
"United Kingdom","Roadrunner United",283732,1745100209657,1745100493498,1745100493678,IPHONE,251
"United Kingdom",Wolfmother,280467,1758812878965,1758813159432,1758813159530,IPHONE,252
"United Kingdom","SYMPHONY X",279118,1745100502704,1748300872887,1748300835367,IPHONE,253
"United Kingdom",Avicii,276972,1770420347110,1770420624078,1770420634228,IPHONE,254
"United Kingdom",Sadzilla,276498,1760187272222,1760187572597,1760187574188,IPHONE,255
"United Kingdom","The 1975",272569,1759583086807,1763754455437,1763754455650,IPHONE,256
"United Kingdom",Empyre,268660,1764242482128,1764243379961,1764242522045,IPHONE,257
"United Kingdom",Deathroll,268309,1757544141616,1757544409925,1757544409925,WINDOWS,258
"United Kingdom","JO☆STARS ~TOMMY,Coda,JIN~",263567,1751291306021,1751291569588,1751291569770,IPHONE,259
"United Kingdom","Sons of Apollo",263132,1769007388834,1769007651966,1769007652014,IPHONE,260
"United Kingdom","Paleface Swiss",262000,1743433409300,1743433671300,1743433671439,IPHONE,261
"United Kingdom",Haunt,260852,1743436187708,1743436464226,1743436347933,IPHONE,262
"United Kingdom","Dead Letter Circus",258954,1764945033042,1764945291996,1764945296040,IPHONE,263
"United Kingdom",Nile,257882,1757543883863,1757544141745,1757544141745,WINDOWS,264
"United Kingdom",Raekwon,253226,1761212596514,1761212849740,1761212849787,IPHONE,265
"United Kingdom",UFO,252505,1770762453545,1770762702699,1770762661323,IPHONE,266
"United Kingdom","KILL KARL",249354,1767730661421,1767730976573,1767730976649,IPHONE,267
"United Kingdom",Ye,248582,1747083150054,1769985145594,1769985117322,IPHONE,268
"United Kingdom",VOLA,246933,1764944791096,1764945038029,1764945042097,IPHONE,269
"United Kingdom","Glass Animals",246631,1760793257923,1760793504554,1760793509535,IPHONE,270
"United Kingdom","KIDS SEE GHOSTS",245156,1743977895902,1743978141058,1743978141136,IPHONE,271
"United Kingdom",Polaris,243972,1746807014153,1746807258125,1746808144802,IPHONE,272
"United Kingdom",Revocation,240608,1772625265404,1772625506012,1772625506481,IPHONE,273
"United Kingdom","Thin Lizzy",240600,1761838083823,1761838324423,1761838328458,IPHONE,274
"United Kingdom","Young the Giant",240240,1757825539849,1757825780089,1757825780150,IPHONE,275
"United Kingdom",Plini,240000,1764945879672,1764946119672,1764946123718,IPHONE,276
"United Kingdom",Soundgarden,239488,1748126608179,1748126847667,1748126848034,IPHONE,277
"United Kingdom","No Doubt",237268,1759330960621,1771778332292,1771778332441,IPHONE,278
"United Kingdom",Nailbomb,235756,1746356868847,1754316141329,1754316141746,IPHONE,279
"United Kingdom","Children of Bodom",234880,1765449141949,1765449890807,1765449267997,IPHONE,280
"United Kingdom","Norman Greenbaum",231144,1761083622895,1761083854039,1761083855124,IPHONE,281
"United Kingdom","Hank Levy",230786,1745781243701,1765894701325,1765894705404,IPHONE,282
"United Kingdom","Post Malone",229000,1755264152427,1755264381427,1755264382136,IPHONE,283
"United Kingdom","Justin Timberlake",227690,1770421901256,1770422110893,1770421931497,IPHONE,284
"United Kingdom",Common,224160,1753904132065,1753904356225,1753904356337,IPHONE,285
"United Kingdom","Joey Bada$$",224095,1745272405274,1745272629369,1745272629444,IPHONE,286
"United Kingdom","Pusha T",223994,1743754742926,1743754973302,1743754860476,IPHONE,287
"United Kingdom",Rihanna,223084,1770419482553,1770419705637,1770419705692,IPHONE,288
"United Kingdom",Wizkid,222739,1770420813782,1770421036521,1770421036584,IPHONE,289
"United Kingdom","T. Rex",220801,1773066404371,1773066625172,1773066625263,IPHONE,290
"United Kingdom","Tame Impala",218880,1757826033644,1757826252524,1757826252577,IPHONE,291
"United Kingdom","Breed 77",217061,1754952274338,1772203781221,1772203712921,IPHONE,292
"United Kingdom","Foxy Brown",214893,1773921173293,1773921388186,1773921389911,IPHONE,293
"United Kingdom","The All-American Rejects",213107,1746296758272,1746296971379,1746296971452,IPHONE,294
"United Kingdom","Earth, Wind & Fire",212555,1745100748193,1745100960748,1745100960944,IPHONE,295
"United Kingdom",Nickelback,211876,1761837337999,1772631371127,1772631371208,IPHONE,296
"United Kingdom","Bradley Hall",211232,1751473174076,1751473388055,1751473274101,IPHONE,297
"United Kingdom",Steppenwolf,210758,1771096187206,1771096397964,1771096398030,IPHONE,298
"United Kingdom",Ash,207385,1770029400037,1770029607422,1770029607452,IPHONE,299
"United Kingdom","Falling In Reverse",206755,1747828676794,1768916245485,1768916244685,IPHONE,300
"United Kingdom",Kataklysm,206527,1743420354278,1743432005856,1743432006459,IPHONE,301
"United Kingdom","Playboi Carti",205130,1749726226629,1755347800823,1755347800959,IPHONE,302
"United Kingdom",AWOLNATION,205009,1760793547212,1760793753806,1760793547411,IPHONE,303
"United Kingdom",Journey,203725,1765894387115,1765894590840,1765894595744,IPHONE,304
"United Kingdom","Calvin Harris",202764,1770420625985,1770420828749,1770420828822,IPHONE,305
"United Kingdom","The Hives",200693,1761678611655,1761678812348,1761678816377,IPHONE,306
"United Kingdom",michael,198660,1773616257488,1773617102614,1773616336994,IPHONE,307
"United Kingdom","The Ocean",198205,1751286891418,1751287089623,1751287089807,IPHONE,308
"United Kingdom","Attack Attack! (US)",196818,1764621778462,1764621975280,1764621976088,IPHONE,309
"United Kingdom","Five Stairsteps",193960,1757504171977,1757504365937,1757504365989,IPHONE,310
"United Kingdom",Migos,193819,1753900962955,1753901156774,1753901158302,IPHONE,311
"United Kingdom","Good Charlotte",190466,1760525049134,1760525239600,1760525239675,IPHONE,312
"United Kingdom","The K's",188000,1751281649391,1751281837391,1751281837459,IPHONE,313
"United Kingdom","THE DU",186720,1758543239037,1758543425757,1758543426016,IPHONE,314
"United Kingdom","¥$",186468,1769984813830,1769985052149,1769985048074,IPHONE,315
"United Kingdom","Sheck Wes",184691,1752503965760,1752504203925,1752508484268,IPHONE,316
"United Kingdom","MC Virgins",183368,1761082016636,1773584886624,1773584860727,IPHONE,317
"United Kingdom",Kittie,179780,1758019504213,1762613104560,1762613104837,IPHONE,318
"United Kingdom","Glen Campbell",179630,1760522763246,1760522942876,1760522943116,IPHONE,319
"United Kingdom","Anderson .Paak",176750,1748125598695,1748125775445,1748125775526,IPHONE,320
"United Kingdom","We Butter the Bread With Butter",175658,1757109821610,1757110039679,1757109972360,IPHONE,321
"United Kingdom",SoFaygo,174590,1752503356415,1752503531005,1752508484268,IPHONE,322
"United Kingdom","The Vaccines",174013,1760114564180,1760114738193,1760114738329,IPHONE,323
"United Kingdom","The Boomtown Rats",172780,1761084108997,1761084281777,1761084282236,IPHONE,324
"United Kingdom","Cypress Hill",172366,1773316456213,1773316637248,1773316637319,IPHONE,325
"United Kingdom","A Tribe Called Quest",160969,1767310809369,1770337667732,1770337668086,IPHONE,326
"United Kingdom","Genesis Owusu",160692,1764542750781,1764542911473,1764542911864,IPHONE,327
"United Kingdom","Fatboy Slim",160445,1753009390251,1753009551333,1753009551580,IPHONE,328
"United Kingdom",Blondie,153801,1761084304635,1761084458436,1761084531996,IPHONE,329
"United Kingdom","Macklemore & Ryan Lewis",152482,1765299611248,1765299767368,1765299762958,IPHONE,330
"United Kingdom",JID,152080,1771057123175,1771057275255,1771057276463,IPHONE,331
"United Kingdom","Bad Bunny",150547,1770509670030,1771904617800,1771904615379,IPHONE,332
"United Kingdom",Mudvayne,148349,1773064728790,1773065099214,1773064827332,IPHONE,333
"United Kingdom","Drowning Pool",147000,1757280279615,1757280426615,1757280426734,IPHONE,334
"United Kingdom","The Amazons",146632,1755971677126,1755971823819,1755971824142,IPHONE,335
"United Kingdom",Avalanche,146355,1771857730370,1771857876725,1771857877025,IPHONE,336
"United Kingdom","David Wilcox",144401,1765392877615,1765402135151,1765392979164,IPHONE,337
"United Kingdom","Frank Carter & The Rattlesnakes",142717,1756484715821,1756485665843,1756485666127,IPHONE,338
"United Kingdom","Status Quo",141685,1761149100499,1761149242184,1761149242419,IPHONE,339
"United Kingdom",GABESRXDA,141016,1753901157831,1753901298847,1753901299081,IPHONE,340
"United Kingdom","Tory Lanez",140945,1755766853585,1755766994530,1755766994595,IPHONE,341
"United Kingdom","Larry June",140377,1770420108036,1770420248413,1770420248458,IPHONE,342
"United Kingdom","Cali Swag District",140140,1770421679403,1770421819543,1770421819608,IPHONE,343
"United Kingdom","Thank You Scientist",139027,1769607212472,1769607351499,1769607351506,IPHONE,344
"United Kingdom","Jeff Buckley",138958,1770336506881,1770336645863,1770336563724,IPHONE,345
"United Kingdom","Dream State",138815,1758027453834,1762612355207,1762612319927,IPHONE,346
"United Kingdom",YUNGBLUD,137428,1771781829119,1771792211304,1771781914677,IPHONE,347
"United Kingdom","The Armed",136546,1768693724306,1768693898407,1768693877235,IPHONE,348
"United Kingdom","Kings of Leon",136533,1764199771565,1764199908098,1764199912152,IPHONE,349
"United Kingdom","Wolf Alice",133403,1769776472512,1769776605915,1769776605958,IPHONE,350
"United Kingdom",Ramones,133337,1764599799903,1764599933240,1764599937300,IPHONE,351
"United Kingdom","Kyle Gordon",133142,1745421240868,1745421427784,1745421427838,IPHONE,352
"United Kingdom","Rhett and Link",131716,1743582604437,1743582737171,1743582737765,IPHONE,353
"United Kingdom","Van Halen",131119,1756485494414,1757166671010,1757166671849,IPHONE,354
"United Kingdom","Evil Scarecrow",126297,1758027206173,1758027333185,1758027267632,IPHONE,355
"United Kingdom",NxWorries,125625,1770584402423,1770584703477,1770584446334,IPHONE,356
"United Kingdom","Cam Stockman",124793,1771904415147,1771904539940,1771904540025,IPHONE,357
"United Kingdom","The Clash",124283,1764195357736,1765897902933,1765897904073,IPHONE,358
"United Kingdom","Project Mishram",123546,1769040209224,1769083795739,1769083796080,IPHONE,359
"United Kingdom","3 Inches of Blood",122265,1745018336109,1745275124661,1745275083034,IPHONE,360
"United Kingdom",Momentum,121564,1752845882135,1767013202546,1767012699379,IPHONE,361
"United Kingdom",Eve,121537,1772117692059,1772117844486,1772117733058,IPHONE,362
"United Kingdom","Soul Remnants",120481,1761084530721,1761084651202,1761084651862,IPHONE,363
"United Kingdom",Run-DMC,120283,1763586152802,1763586273085,1763586279914,IPHONE,364
"United Kingdom",Bizarre,118177,1768322315335,1768322433512,1768322434967,IPHONE,365
"United Kingdom",Igorrr,113988,1755034031979,1769424302797,1769424303095,IPHONE,366
"United Kingdom","ZZ Top",113920,1761317246822,1761317362662,1761317362967,IPHONE,367
"United Kingdom","3 Doors Down",112889,1770509554850,1770509669381,1770509663353,IPHONE,368
"United Kingdom","Baby Smoove",112597,1770420235230,1770420347827,1770420347880,IPHONE,369
"United Kingdom","Loyle Carner",111327,1770337469426,1770337580705,1770337476571,IPHONE,370
"United Kingdom","Willie Hutch",110415,1765201920155,1765202057886,1765202014280,IPHONE,371
"United Kingdom","A$AP Rocky",108043,1768829960304,1768830068347,1768830074620,IPHONE,372
"United Kingdom","The Beatles",106860,1770336862366,1770336969226,1770336969482,IPHONE,373
"United Kingdom","Blacky's Kool Katz",106551,1755036849368,1755038879296,1755038879304,IPHONE,374
"United Kingdom",N/A,103345,1743584138345,1743584241690,1743584241869,IPHONE,375
"United Kingdom",F.HERO,103161,1744637450915,1744637554076,1744637554614,IPHONE,376
"United Kingdom",Queensrÿche,102220,1761084949939,1761085052159,1761085053205,IPHONE,377
"United Kingdom",EsDeeKid,101115,1770421809474,1770421910589,1770421910660,IPHONE,378
"United Kingdom","Party Cannon",101020,1758027334948,1758027452039,1758027453545,IPHONE,379
"United Kingdom",Crobot,100925,1756641282109,1756641383034,1756641383751,IPHONE,380
"United Kingdom",Ofnus,100249,1745536858308,1745536958828,1745536861736,IPHONE,381
"United Kingdom",Varials,97190,1768567682972,1768567780699,1768567688571,IPHONE,382
"United Kingdom",Akon,97151,1770422095356,1770422192507,1770422192599,IPHONE,383
"United Kingdom",Heilung,93850,1754951960272,1754952054851,1754951964507,IPHONE,384
"United Kingdom","Goose house",93786,1769015939191,1769016032977,1769016038189,IPHONE,385
"United Kingdom","Stone Temple Pilots",92096,1762868977361,1762869069457,1762869069654,IPHONE,386
"United Kingdom",Kansas,91933,1762616857395,1762616949328,1762616949676,IPHONE,387
"United Kingdom",Disturbed,91658,1748352540087,1748352631745,1748352632101,IPHONE,388
"United Kingdom","Black Tie Affair",90560,1770337222208,1770337312768,1770337313012,IPHONE,389
"United Kingdom","Kenny Beats",89737,1744065966815,1744066056797,1744065973926,IPHONE,390
"United Kingdom","Adult DVD",89300,1772900295994,1772900395063,1772900358736,IPHONE,391
"United Kingdom",Warbringer,88571,1745275143502,1745275232427,1745275145299,IPHONE,392
"United Kingdom",Primus,87863,1745274540633,1745274629688,1745274626018,IPHONE,393
"United Kingdom","Alicia Keys",87362,1755074591990,1755074679352,1755074679549,IPHONE,394
"United Kingdom","Scott Walker",86903,1769004175264,1769004262146,1769004239814,IPHONE,395
"United Kingdom",Beartooth,84570,1747781291453,1747781378128,1747781309265,IPHONE,396
"United Kingdom","Earl Sweatshirt",78381,1767356608092,1767356686473,1767356686545,IPHONE,397
"United Kingdom","Carpenter Brut",77710,1755037401228,1755037479319,1755037479896,IPHONE,398
"United Kingdom","Blue Öyster Cult",76810,1748087930520,1748088007330,1748088007617,IPHONE,399
"United Kingdom",Plethora,73804,1743700882106,1743700956267,1743700957773,IPHONE,400
"United Kingdom","Aphex Twin",72669,1773316347655,1773316420324,1773316420765,IPHONE,401
"United Kingdom",Stormzy,71619,1763588610686,1772118691356,1772118691594,IPHONE,402
"United Kingdom",Blossoms,71263,1762269380261,1765895444698,1765895444985,IPHONE,403
"United Kingdom","Jim Jones",69394,1762255452184,1762255521578,1762255524096,IPHONE,404
"United Kingdom",Whores.,69125,1750505016698,1750505085823,1750505086094,IPHONE,405
"United Kingdom",Accept,68459,1763733684222,1763738398494,1763733685137,IPHONE,406
"United Kingdom","The Mars Volta",67582,1745535729344,1745535797151,1745535784378,IPHONE,407
"United Kingdom","Red Fang",67200,1744666171029,1746828476314,1746828476593,IPHONE,408
"United Kingdom",Immortal,67188,1756221755986,1756221823526,1756221823882,IPHONE,409
"United Kingdom","Tech N9ne",64502,1744747824055,1744748020047,1744747895835,IPHONE,410
"United Kingdom",Sleep,63845,1769004922295,1769004986661,1769004985139,IPHONE,411
"United Kingdom","Fight the Fight",63081,1764238349566,1764238408769,1764238364079,IPHONE,412
"United Kingdom","Animals As Leaders",62717,1745939078083,1745939142852,1745939143134,IPHONE,413
"United Kingdom","Alpha Wolf",62505,1768003959214,1768004021730,1768003979635,IPHONE,414
"United Kingdom",Ice-T,61698,1759399854476,1759399928748,1759399900798,IPHONE,415
"United Kingdom",菊池ひみこ,59828,1744290070093,1744290129921,1744290130192,IPHONE,416
"United Kingdom","The Hu",59170,1750497469147,1750497528440,1750497526919,IPHONE,417
"United Kingdom",P.O.D.,58866,1765300978443,1765301396155,1765300990720,IPHONE,418
"United Kingdom","Invent Animate",54767,1764623044143,1764624221071,1764623087591,IPHONE,419
"United Kingdom","James Brown",54413,1770337167463,1770337221876,1770337222213,IPHONE,420
"United Kingdom","50 Cent",54401,1773920479656,1773920534057,1773920534078,IPHONE,421
"United Kingdom","Ja Rule",53492,1753446879209,1753446932701,1753446933235,IPHONE,422
"United Kingdom","Paul McCartney",53403,1765894701837,1765894755240,1765894755884,IPHONE,423
"United Kingdom","Gentle Giant",52258,1747566168819,1747566221203,1747566182092,IPHONE,424
"United Kingdom",Spiritbox,51395,1747780904495,1747780957506,1747780911066,IPHONE,425
"United Kingdom",Death,50061,1752669178211,1752669229028,1752669230283,IPHONE,426
"United Kingdom",Gatecreeper,49811,1743437120133,1743437169944,1743437170333,IPHONE,427
"United Kingdom","Cult of Luna",49622,1765194569374,1765194620265,1765194578125,IPHONE,428
"United Kingdom","Fred again..",49620,1771417297927,1771417348031,1771417339209,IPHONE,429
"United Kingdom",Hermano,49126,1746399580665,1746399629791,1746399630067,IPHONE,430
"United Kingdom",Bathory,48479,1746130910064,1746130958543,1746130958718,IPHONE,431
"United Kingdom",Shining,48259,1755037045958,1755037094562,1755037095239,IPHONE,432
"United Kingdom",Redbone,47737,1762201995620,1762202043357,1762202043602,IPHONE,433
"United Kingdom",Helloween,47507,1745684464565,1745684512993,1745684471338,IPHONE,434
"United Kingdom",Pitbull,47399,1770142568717,1770142616116,1770142616134,IPHONE,435
"United Kingdom","The Velvet Sundown",47221,1752669304435,1752669352316,1752669338188,IPHONE,436
"United Kingdom",Adestria,46970,1756204362893,1756204409863,1756204410155,IPHONE,437
"United Kingdom",SKARS,46629,1767784803447,1767791350638,1767784813502,IPHONE,438
"United Kingdom","El Alfa",46448,1770421249847,1770421296295,1770421296338,IPHONE,439
"United Kingdom","Bagg Boii Banks",45142,1771499546967,1771500695194,1771499559975,IPHONE,440
"United Kingdom",Paramore,43947,1755714601359,1755714645306,1755714645483,IPHONE,441
"United Kingdom","House of Pain",43595,1773316673590,1773317973974,1773316677081,IPHONE,442
"United Kingdom","Strapping Young Lad",43586,1756420630066,1756420673652,1756420673909,IPHONE,443
"United Kingdom","Sean Leon",43427,1747083273575,1747083316959,1747083276750,IPHONE,444
"United Kingdom",Future,43273,1747566125059,1747566168332,1747566168684,IPHONE,445
"United Kingdom",Exodus,43255,1747257618895,1747257662150,1747257662498,IPHONE,446
"United Kingdom",Deafheaven,42260,1743712648083,1743712690487,1743712652798,IPHONE,447
"United Kingdom",DripReport,41904,1746697976209,1746698018496,1746697996639,IPHONE,448
"United Kingdom","Hammer King",41729,1769361100458,1769361142206,1769361113515,IPHONE,449
"United Kingdom","Blue Swede",41663,1744288110565,1744288152228,1744288152488,IPHONE,450
"United Kingdom",CKY,41166,1754325174079,1754325216121,1754325215358,IPHONE,451
"United Kingdom",Shrapnel,39769,1745275233714,1745275274234,1745275235196,IPHONE,452
"United Kingdom",2Pac,39604,1768003919328,1768003958930,1768003942971,IPHONE,453
"United Kingdom",Ogun,39389,1754951836870,1754951876588,1754951877021,IPHONE,454
"United Kingdom","The Kinks",39260,1764884949244,1764884988504,1764884989470,IPHONE,455
"United Kingdom","Pain of Truth",39119,1772203812035,1772203851136,1772203838142,IPHONE,456
"United Kingdom","High Parasite",39030,1754951896569,1754951935941,1754951936521,IPHONE,457
"United Kingdom","Wednesday 13",38712,1755036751512,1755036790564,1755036756024,IPHONE,458
"United Kingdom",OutKast,38639,1761222663548,1761222702187,1761222709298,IPHONE,459
"United Kingdom",Pintglass,38155,1760740294875,1760740335412,1760740335419,IPHONE,460
"United Kingdom","Lil Peep",37977,1753292141578,1753292184564,1753292183432,IPHONE,461
"United Kingdom","Jethro Sheeran",37577,1762166230322,1762166270032,1762166270095,IPHONE,462
"United Kingdom",Waterlines,37560,1754951589187,1754951627077,1754951625855,IPHONE,463
"United Kingdom",Boris,37319,1769004806039,1769004844040,1769004809894,IPHONE,464
"United Kingdom","Nothing Speaks",37223,1754951512491,1754951550222,1754951550533,IPHONE,465
"United Kingdom","Linked Horizon",37207,1773397122724,1773397159931,1773397160192,IPHONE,466
"United Kingdom","Will Ramos",37170,1768916487643,1768916567951,1768916526998,IPHONE,467
"United Kingdom","Injury Reserve",37101,1767313475856,1767313512213,1767313487418,IPHONE,468
"United Kingdom",Aldious,36677,1748547034735,1748547071746,1748547043886,IPHONE,469
"United Kingdom","billy woods",36605,1748125403691,1748125466378,1748125423496,IPHONE,470
"United Kingdom",Quadeca,35933,1753627157640,1753633863088,1753627160661,IPHONE,471
"United Kingdom","Megan Thee Stallion",35431,1744659446374,1744659493472,1744659493484,IPHONE,472
"United Kingdom",Underworld,35344,1755972897917,1755972934010,1755972931027,IPHONE,473
"United Kingdom",Soen,35291,1758531872714,1758534281265,1758531904269,IPHONE,474
"United Kingdom","The Agonist",34867,1772023471921,1772023506788,1772023507194,IPHONE,475
"United Kingdom","Ike & Tina Turner",34568,1771363787436,1771363832518,1771365047578,IPHONE,476
"United Kingdom","Nik Nocturnal",34346,1747842718411,1747842752757,1747842753256,IPHONE,477
"United Kingdom",Apocalyptica,34273,1750368317226,1750368351766,1750368352295,IPHONE,478
"United Kingdom",clipping.,34112,1769985449402,1769985659647,1769985452577,IPHONE,479
"United Kingdom","JAM Project",33907,1746543186036,1746543220279,1746543191610,IPHONE,480
"United Kingdom",Raspberries,33736,1769008338228,1769008371964,1769008372219,IPHONE,481
"United Kingdom","Goat Girl",33461,1745092841178,1745092874774,1745092874800,IPHONE,482
"United Kingdom","Ice Cube",33380,1759399948869,1759399982838,1759399951039,IPHONE,483
"United Kingdom",D:Ream,32785,1759515024921,1759515058191,1759515057966,IPHONE,484
"United Kingdom","The Acacia Strain",32760,1771105813230,1771105845990,1771105849059,IPHONE,485
"United Kingdom","Bootsy Collins",32666,1769986239111,1769986271789,1769986251139,IPHONE,486
"United Kingdom","Burning Witches",31892,1769357101093,1769357132985,1769357133418,IPHONE,487
"United Kingdom",Nevermore,31607,1755036929228,1755036961585,1755036931643,IPHONE,488
"United Kingdom",PRESIDENT,31605,1750185857545,1750185890259,1750185879800,IPHONE,489
"United Kingdom","The Browning",31386,1769553446336,1769553477697,1769553450443,IPHONE,490
"United Kingdom",Ab-Soul,30781,1767356678699,1767356709480,1767356709835,IPHONE,491
"United Kingdom","Bowling for Soup",30776,1772632946891,1772633045284,1772632963722,IPHONE,492
"United Kingdom",Shining,30592,1755617547504,1755617578438,1755617578503,IPHONE,493
"United Kingdom","Morbid Angel",30548,1755608878886,1755608909683,1755608897097,IPHONE,494
"United Kingdom","The Delirium Effect",30546,1768003601923,1768003632468,1768003612105,IPHONE,495
"United Kingdom",Watchers,30468,1771904532702,1771904563170,1771904565191,IPHONE,496
"United Kingdom",SR,30153,1743767430736,1743767461871,1743767459453,IPHONE,497
"United Kingdom",Burzum,30057,1755280261159,1755280291341,1755280290943,IPHONE,498
"United Kingdom","Heavy Metal",1839714838,1742397687081,1773855540820,1773855540870,"IPHONE, WINDOWS",1
"United Kingdom",Rock,359483925,1742378408306,1773851663603,1773851663651,"IPHONE, WINDOWS",2
"United Kingdom","Hip Hop/Rap",330897690,1742375873294,1773930473190,1773930473228,"IPHONE, WINDOWS",3
"United Kingdom","Hard Rock",202739392,1742400538647,1773531417519,1773531417604,"IPHONE, WINDOWS",4
"United Kingdom",Alternative,163705472,1742859765504,1773922318797,1773922318834,"IPHONE, WINDOWS",5
"United Kingdom","Death Metal/Black Metal",70635670,1742398042469,1773514353262,1773514123619,"IPHONE, WINDOWS",6
"United Kingdom",Pop,57674116,1742551391842,1773923301979,1773923302025,"IPHONE, WINDOWS",7
"United Kingdom",Rap,51777096,1742375368635,1773930224322,1773930224385,"IPHONE, WINDOWS",8
"United Kingdom",Hip-Hop,42599001,1742685291717,1773924349389,1773924349443,"IPHONE, WINDOWS",9
"United Kingdom","R&B/Soul",42390632,1742511436836,1773923569191,1773923569354,"IPHONE, WINDOWS",10
"United Kingdom","Alternative Rap",29636372,1742683633804,1773852240298,1773852240356,"IPHONE, WINDOWS",11
"United Kingdom",Electronic,20284160,1742940410084,1773671863597,1773671187214,"IPHONE, WINDOWS",12
"United Kingdom",Fusion,5853655,1743460448809,1773327555008,1773327555236,IPHONE,13
"United Kingdom",Soundtrack,4737830,1742685459371,1771606120410,1771605216451,"IPHONE, WINDOWS",14
"United Kingdom",Anime,4278815,1743699091909,1773397159931,1773397160192,IPHONE,15
"United Kingdom",Jazz,2647074,1744290070093,1773532553982,1773536127367,IPHONE,16
"United Kingdom",Instrumental,2221696,1746297234074,1769010322600,1769010322697,IPHONE,17
"United Kingdom",Dance,1483659,1745100960460,1771904539940,1771904540025,IPHONE,18
"United Kingdom",Punk,1394640,1749077491446,1772203851136,1772203838142,IPHONE,19
"United Kingdom",J-Pop,1200642,1746294951402,1772117844486,1772117733058,IPHONE,20
"United Kingdom","Prog-Rock/Art Rock",1010622,1747068885128,1771090875391,1771090875468,IPHONE,21
"United Kingdom",Singer/Songwriter,1004044,1753197362755,1773408221169,1773408221379,IPHONE,22
"United Kingdom","Indie Rock",908456,1744287717326,1772118254062,1772118254115,IPHONE,23
"United Kingdom",Afrobeats,222739,1770420813782,1770421036521,1770421036584,IPHONE,24
"United Kingdom","Glam Rock",220801,1773066404371,1773066625172,1773066625263,IPHONE,25
"United Kingdom",Country,179630,1760522763246,1760522942876,1760522943116,IPHONE,26
"United Kingdom","Children's Music",179420,1753011440902,1755038879296,1755038879304,IPHONE,27
"United Kingdom",Psychedelic,151675,1754316227628,1754316379303,1754316379684,IPHONE,28
"United Kingdom",Latin,150547,1770509670030,1771904617800,1771904615379,IPHONE,29
"United Kingdom",Novelty,133142,1745421240868,1745421427784,1745421427838,IPHONE,30
"United Kingdom",World,93850,1754951960272,1754952054851,1754951964507,IPHONE,31
"United Kingdom","West Coast Rap",78635,1773316456213,1773316535883,1773316504536,IPHONE,32
"United Kingdom",Reggae,67265,1753622103356,1753622170621,1753622171416,IPHONE,33
"United Kingdom","Latin Urban",46448,1770421249847,1770421296295,1770421296338,IPHONE,34
"United Kingdom","Underground Rap",36605,1748125403691,1748125466378,1748125423496,IPHONE,35
"United Kingdom",House,30468,1771904532702,1771904563170,1771904565191,IPHONE,36
